qid,db,question,verdict,ruling,precision,sql_match,steps,tools,tool_errors,tool_trace,tokens_total,tokens_input,tokens_cache_read,tokens_output,cache_read_pct,answer,expected,sql,log,session,gold_err
"347","card_games","Find all cards illustrated by Stephen Daniel and describe the text of the ruling of these cards. State if these cards have missing or degraded properties and values.","PASS","CORRECT","set","set(原样,共同列[hasContentWarning])","8","15","0","dlr_search_sop → dlr_semantic_query → dlr_search_consensus → get_pe_mapping → get_pe_mapping → execute_sql → execute_sql → dlr_search_consensus → dlr_search_consensus → execute_sql → execute_sql → execute_sql → execute_sql → execute_sql → execute_sql","147805","18732","121728","7345","82%","## 结论 **1. 插画师锚定（L2 共识 qid 45 强制口径）**：题面里的 ""Stephen Daniel"" 存在拼写偏差，`cards.artist` 中实际写作 **`Stephen Daniele`**（共识原文：「'Stephen Daniel' should be searched as 'Step","29 | You can’t put an Aura card from your hand onto the battlefield this way if that Aura can’t legally enchant Academy Researchers. For example, you can’t put ","SELECT c.name AS card, c.hasContentWarning AS missing_or_degraded, COUNT(DISTINCT r.text) AS n_rulings, GROUP_CONCAT(DISTINCT r.text) AS ruling_texts FROM cards c LEFT JOIN rulings r ON c.uuid = r.uui","raw/0929_1200_347_dlr.ndjson","session-4ccd10a1-99c9-4deb-b8d0-0c333b81fc58",""
"349","card_games","Name the card and artist with the most ruling information. Also state if the card is a promotional printing.","UNCERTAIN","OVERTURNED","-","no","6","8","1","dlr_search_sop → dlr_semantic_query → dlr_search_consensus → get_pe_mapping → get_pe_mapping → execute_sql → execute_sql → execute_sql","68495","11600","54400","2495","79%","## 结论 **Teferi's Protection（艺术家：Chase Stone）** —— 它拥有最多的 ruling 信息（**27 条 ruling**），且该卡**是促销印刷版**（isPromo = 1）。 ### 推理与证据链 1. **L3 口径（最权威）**：`dlr_search_sop` 对本","Serrated Arrows | John Avon | 1","WITH top AS ( SELECT c.name AS name, c.artist AS artist, COUNT(*) AS cnt FROM cards c JOIN rulings r ON c.uuid = r.uuid GROUP BY c.uuid ORDER BY cnt DESC LIMIT 1 ) SELECT t.name || ' | ' || t.artist |","raw/0929_1200_349_dlr.ndjson","session-0b2d3262-055c-4dbf-845e-11572ed658c3",""
"352","card_games","Calculate the percentage of the cards availabe in Chinese Simplified.","FAIL","OVERTURNED","-","no","5","8","1","dlr_search_sop → dlr_semantic_query → dlr_search_consensus → get_pe_mapping → get_pe_mapping → execute_sql → execute_sql → execute_sql","53733","11592","40448","1693","75%","## 结论 **35.38%** 的卡牌有简体中文版本。 ### 三级锚定过程 **L3 口径（权威，`match=exact`）** — `dlr_search_sop` 返回的节标题与本题逐字相同，明确给出两条关键口径： 1. **分子分母同为「卡牌」单位**：有简中印刷的卡牌数 ÷ 全部卡牌数，每张卡只计一次。f","8.773399659641314","SELECT (SELECT COUNT(DISTINCT uuid) FROM foreign_data WHERE language = 'Chinese Simplified') AS num_cards_zh, (SELECT COUNT(DISTINCT uuid) FROM cards) AS total_cards","raw/0929_1200_352_dlr.ndjson","session-183ce5ed-2f19-470e-ae33-7c8c3534a027",""
"356","card_games","How many cards have infinite power?","FAIL","WRONG","-","no","8","20","0","dlr_search_sop → dlr_semantic_query → dlr_search_consensus → get_pe_mapping → dlr_search_consensus → dlr_search_consensus → dlr_search_sop → execute_sql → execute_sql → dlr_search_consensus → dlr_search_consensus → execute_sql → execute_sql → dlr_search_consensus → dlr_search_sop → dlr_search_sop → dlr_search_consensus → execute_sql → execute_sql → execute_sql","152876","18614","124416","9846","81%","## 结论 **2 张**（`cards.power = '∞'`）。 ## 证据链 **1. L1 实体路** — `dlr_semantic_query` → `LOGICAL.Card`（db=`card_games`）→ `get_pe_mapping(PHYSICAL.Card)`： - 表 `cards`，","429","SELECT COUNT(*) FROM cards WHERE power = '∞';","raw/0929_1200_356_dlr.ndjson","session-8c3cb1cb-44bd-4c2c-b6c9-ee18df417123",""
"358","card_games","What is the border color of card ""Ancestor's Chosen""?","PASS","CORRECT","text","-","4","6","0","dlr_search_sop → dlr_semantic_query → dlr_search_consensus → get_pe_mapping → dlr_search_consensus → execute_sql","41240","12018","28288","934","69%","All printings of ""Ancestor's Chosen"" resolve to a single border color. **查询过程：** 1. **L1 实体路** `dlr_semantic_query` → 锚定 `LOGICAL.Card` / `PHYSICAL.Card`（db=car","black","SELECT DISTINCT name, borderColor FROM cards WHERE name = 'Ancestor''s Chosen'","raw/0929_1200_358_dlr.ndjson","session-ac77efe7-fa10-4a90-8342-1e2c64181ee4",""
"366","card_games","What is the rule of playing card ""Benalish Knight""?","UNCERTAIN","OVERTURNED","-","no","5","7","0","dlr_semantic_query → dlr_search_consensus → dlr_search_sop → get_pe_mapping → get_pe_mapping → execute_sql → execute_sql","58877","12810","44160","1907","75%","## 结论 **Benalish Knight 的规则（rules text / 印刷异能）为：Flash 与 First strike。** 依据链路（三级并行锚定）： - **L3（最权威）**：`dlr_search_sop` 返回 `match=exact`，节标题逐字复述本题 `card_games#What","commander | duel | legacy | modern","SELECT DISTINCT substr(keywords, instr(keywords, ',') + 1) || ' | ' || substr(keywords, 1, instr(keywords, ',') - 1) AS rule FROM cards WHERE name = 'Benalish Knight'","raw/0929_1200_366_dlr.ndjson","session-e936abaf-7726-4dea-a79c-8c13df4a8fb3",""
"368","card_games","What is the percentage of borderless cards?","PASS","CORRECT","num@0.0001","-","7","9","0","dlr_search_sop → dlr_semantic_query → dlr_search_consensus → get_pe_mapping → execute_sql → dlr_search_consensus → dlr_search_sop → execute_sql → execute_sql","88147","12798","72192","3157","82%","**答案推导** - **L2 领域共识（qid 32）**：`borderless cards` → `cards.borderColor = 'borderless'`。 - **L2 领域共识（qid 49，口径权威）**：""Percentage of X in Y"" = `COUNT(DISTINCT uuid","0.42413149836331","SELECT COUNT(DISTINCT CASE WHEN borderColor = 'borderless' THEN uuid END) * 100.0 / COUNT(DISTINCT uuid) AS pct_borderless FROM cards","raw/0929_1200_368_dlr.ndjson","session-119a890f-cf33-497d-94a8-0706aae8cf6a",""
"371","card_games","What is the percentage of cards whose language is French among the Story Spotlight cards?","FAIL","WRONG","-","no","6","8","0","dlr_search_sop → dlr_semantic_query → dlr_search_consensus → get_pe_mapping → get_pe_mapping → get_full_data_info → execute_sql → execute_sql","71118","11978","56448","2692","79%","## 查询过程与结论 **三级锚定结果：** | 级 | 命中 | 采信内容 | |---|---|---| | L3 SOP | `match=similar`（无逐字复述本题的节） | 近似候选仅作背景：`card_games` 领域，同名多版本需按 `uuid` 计数 | | L2 共识 | **qid=49（n","10","SELECT ROUND(COUNT(DISTINCT CASE WHEN f.language = 'French' THEN c.uuid END) * 100.0 / COUNT(DISTINCT c.uuid), 2) AS pct_french_story_spotlight FROM cards c LEFT JOIN foreign_data f ON f.uuid = c.uuid","raw/0929_1201_371_dlr.ndjson","session-0ba4805f-9548-498d-b682-531970603094",""
"377","card_games","How many cards with original type of ""Summon - Angel"" have subtype other than ""Angel""?","PASS","CORRECT","num@1e-9","-","6","8","0","dlr_search_sop → dlr_semantic_query → dlr_search_consensus → get_pe_mapping → execute_sql → execute_sql → execute_sql → execute_sql","68963","12163","55424","1376","80%","**锚定过程** - **L2 领域共识**（`dlr_search_consensus` qid=35，namespace=card_games）逐条给了本题口径：`'Original type of Summon - Angel'` → `originalType = 'Summon - Angel'`；`'Sub","3","SELECT subtypes, COUNT(*) FROM cards WHERE originalType = 'Summon - Angel' GROUP BY subtypes","raw/0929_1201_377_dlr.ndjson","session-24ab13fe-2472-4384-8e04-35af97311b55",""
"379","card_games","What are the cards belong to duel deck a? List the ID.","PASS","CORRECT","num@1e-9","-","8","12","0","dlr_search_sop → dlr_semantic_query → dlr_search_consensus → get_pe_mapping → execute_sql → execute_sql → execute_sql → execute_sql → execute_sql → execute_sql → execute_sql → execute_sql","114694","15580","90752","8362","79%","## 结论 **L2 领域共识**（`dlr_search_consensus`，namespace=`card_games`，qid 33）明确给出术语映射：**""Duel Deck: 'Duel deck a' refers to duelDeck = 'a'""**；qid 50 补充：问""list card id","14440 | 14441 | 14442 | 14443","SELECT GROUP_CONCAT(id, ' | ') FROM (SELECT id FROM cards WHERE duelDeck = 'a' ORDER BY id LIMIT 200 OFFSET 800)","raw/0929_1201_379_dlr.ndjson","session-44f5e706-7b4b-48f3-94c7-5cb0c6b0ba36",""
"383","card_games","How many of the banned cards are white border?","FAIL","OVERTURNED","-","no","4","7","0","dlr_search_sop → dlr_semantic_query → dlr_search_consensus → get_pe_mapping → get_pe_mapping → execute_sql → execute_sql","39013","11137","26624","1252","68%","三级锚定完成，结果与 L3 口径一致。 **锚定与执行过程** | 层级 | 工具 | 关键返回 | |------|------|----------| | L3 业务逻辑 | `dlr_search_sop` | **match=exact** —「How many of the banned cards are ","258","SELECT COUNT(*) AS row_pairs, COUNT(DISTINCT c.uuid) AS distinct_uuid, COUNT(DISTINCT c.name) AS distinct_name FROM cards c JOIN legalities l ON c.uuid = l.uuid WHERE l.status = 'Banned' AND c.borderC","raw/0929_1201_383_dlr.ndjson","session-f6d6dbf0-c352-48f7-8dc5-e61c312e967f",""
"391","card_games","Among the Artifact cards, which are black color and comes with foreign languague translation?","PASS","CORRECT","text","-","8","15","0","dlr_search_sop → dlr_semantic_query → dlr_search_consensus → get_pe_mapping → get_pe_mapping → dlr_search_consensus → execute_sql → execute_sql → execute_sql → execute_sql → execute_sql → execute_sql → execute_sql → execute_sql → execute_sql","115930","13906","97408","4616","84%","## 结论 **8 张卡牌**同时满足三个条件（原始牌面类型为 Artifact、颜色纯黑、有外语翻译版本）： | # | Card name | |---|-----------| | 1 | Bloodsoaked Altar | | 2 | Executioner's Capsule | | 3 | Immort","Executioner's Capsule | Immortal Coil | Onyx Goblet | Netherborn Altar","SELECT DISTINCT c.name FROM cards c JOIN foreign_data f ON f.uuid = c.uuid WHERE c.originalType = 'Artifact' AND c.colors = 'B' ORDER BY c.name","raw/0929_1201_391_dlr.ndjson","session-32ad9060-7da4-4fae-b78a-4f2c52ad07da",""
"397","card_games","What is the mana cost of cards with a normal layout, a 2003 frame version, with a black border color, and available in paper and mtgo?","PASS","CORRECT","text","-","6","9","0","dlr_search_sop → dlr_semantic_query → dlr_search_consensus → get_pe_mapping → dlr_search_consensus → execute_sql → execute_sql → execute_sql → execute_sql","86314","19482","57088","9744","66%","All three levels converge. Verification complete: - **L3 (exact match)**: report the **distinct mana costs with the count of printings**. - **L2 consensus**: `a","{5}{W}{W} | {4}{W} | {3}{W} | {3}{W}","SELECT group_concat(manaCost || ' x' || cnt, ' | ') AS full_list FROM (SELECT manaCost, COUNT(*) AS cnt FROM cards WHERE layout='normal' AND frameVersion='2003' AND borderColor='black' AND availabilit","raw/0929_1201_397_dlr.ndjson","session-8b0ccc5a-eca3-48cc-96ba-dc390fd8ba12",""
"402","card_games","What is the percentage of Story Spotlight cards that do not have a text box? List them by their ID.","FAIL","OVERTURNED","-","no","5","8","0","dlr_search_sop → dlr_semantic_query → dlr_search_consensus → get_pe_mapping → dlr_search_consensus → execute_sql → execute_sql → execute_sql","57724","12075","43136","2513","75%","## 解答 **三级锚定结果** | 级别 | 工具 | 命中内容 | |------|------|----------| | L3 业务逻辑级 | `dlr_search_sop` | **`match=exact`**：标题逐字复述本题。该节明确——""does not have a text box"" = **t","0.18302770053852382","SELECT COUNT(*) AS story_spotlight_cards, SUM(CASE WHEN isTextless = 1 THEN 1 ELSE 0 END) AS textless_cards, ROUND(100.0 * SUM(CASE WHEN isTextless = 1 THEN 1 ELSE 0 END) / COUNT(*), 2) AS pct_textles","raw/0929_1202_402_dlr.ndjson","session-6f06e1b6-9ec3-41de-888a-3850b7f2e6fa",""
"405","card_games","How many Brazilian Portuguese translated sets are inside the Commander block?","PASS","CORRECT","num@1e-9","-","5","10","0","dlr_search_sop → dlr_semantic_query → dlr_search_consensus → get_pe_mapping → get_pe_mapping → dlr_search_consensus → execute_sql → execute_sql → execute_sql → execute_sql","42488","7853","32768","1867","77%","**查询过程** - **L1 实体路**：召回 `LOGICAL.CardSet`（→ `PHYSICAL.Set`，表 `sets`，含 `block` 列）与 `LOGICAL.SetTranslation`（→ `PHYSICAL.SetTranslation`，表 `set_translations`，`se","7","SELECT s.code, s.name, t.language, t.translation FROM sets s JOIN set_translations t ON t.setCode = s.code WHERE s.block = 'Commander' AND t.language = 'Portuguese (Brazil)';","raw/0929_1202_405_dlr.ndjson","session-1d74b186-31d4-4f75-aa07-7b74e1dfbed2",""
"407","card_games","Lists all types of cards in German.","UNCERTAIN","OVERTURNED","-","no","6","9","0","dlr_search_sop → dlr_semantic_query → dlr_search_consensus → get_pe_mapping → dlr_search_consensus → execute_sql → execute_sql → execute_sql → execute_sql","49158","7093","40192","1873","82%","## 结论 **L3 口径（精确命中，最权威）**：`dlr_search_sop` 返回的节标题与本题逐字相同（`card_games#Lists all types of cards in German.`，match=exact），其口径为： > ""Types of cards **in German**"" as","Human,Rebel | Legendary | Angel | Legendary","SELECT DISTINCT type FROM foreign_data WHERE language = 'German' AND TRIM(type) <> '' ORDER BY type LIMIT 10;","raw/0929_1202_407_dlr.ndjson","session-d7887aa4-7319-4567-a3bf-c6365f438929",""
"408","card_games","How many unknown power cards contain info about the triggered ability","PASS","CORRECT","num@1e-9","-","4","6","0","dlr_search_sop → dlr_semantic_query → dlr_search_consensus → get_pe_mapping → get_pe_mapping → execute_sql","38885","11120","26752","1013","69%","三级锚定完成，L3 精确命中本题口径，SQL 闭环验证一致。 **口径依据（L3 命中节，标题逐字复述本题）** - ""unknown power cards"" = `cards.power` 缺失（NULL）**或** 记为 `*`（两者都算 unknown） - ""contain info about the tr","1382","SELECT COUNT(DISTINCT c.uuid) AS n FROM cards c JOIN rulings r ON r.uuid = c.uuid WHERE (c.power IS NULL OR c.power = '*') AND r.text LIKE '%triggered ability%';","raw/0929_1202_408_dlr.ndjson","session-3282c61f-6966-4e87-88b2-91de62901618",""
"409","card_games","Indicates the number of cards with pre-modern format, ruling text ""This is a triggered mana ability."" that do not have multiple faces.","PASS","CORRECT","num@1e-9","-","17","28","8","dlr_search_sop → dlr_semantic_query → dlr_search_consensus → get_pe_mapping → get_pe_mapping → get_pe_mapping → execute_sql → execute_sql → execute_sql → execute_sql → execute_sql → execute_sql → execute_sql → dlr_search_consensus → dlr_search_consensus → dlr_search_sop → dlr_search_consensus → dlr_search_consensus → dlr_search_sop → dlr_search_sop → execute_sql → execute_sql → execute_sql → execu","397982","19344","364416","14222","92%","MCP 服务在最后几次调用中开始超时，但我需要的两条关键 SQL 都已成功执行并返回结果，结论不受影响。 ## 三级锚定结果 **L3（`dlr_search_sop`）**：`match=similar`，命中的三节标题均未逐字复述本题 → 本题无 L3 权威节，按 L1+L2 自解（其中""unknown power","16","SELECT COUNT(*) AS n FROM cards c JOIN legalities l ON c.uuid = l.uuid JOIN rulings r ON c.uuid = r.uuid WHERE l.format = 'premodern' AND r.text = 'This is a triggered mana ability.' AND c.side IS NUL","raw/0929_1202_409_dlr.ndjson","session-ad6cf6b7-a69f-4561-812c-afcc06b36d87",""
"412","card_games","What is the foreign name of the card in French of type Creature, normal layout and black border color, by artist Matthew D. Wilson?","PASS","CORRECT","text","-","8","14","0","dlr_search_sop → dlr_semantic_query → dlr_search_consensus → get_pe_mapping → get_pe_mapping → execute_sql → execute_sql → execute_sql → execute_sql → execute_sql → execute_sql → execute_sql → execute_sql → execute_sql","115988","14900","94720","6368","82%","All three levels cross-validated. The L3 section (exact title match) confirms the four filters, and my SQL produced exactly the counts it predicted (50 printing","Escouade de balistes | Reya Aubevenant | Tisseuse d'esprit | Étrangleur mou","SELECT DISTINCT fd.name AS french_name FROM cards c JOIN foreign_data fd ON fd.uuid=c.uuid WHERE c.types='Creature' AND c.layout='normal' AND c.borderColor='black' AND c.artist='Matthew D. Wilson' AND","raw/0929_1202_412_dlr.ndjson","session-83e81749-076e-4e5e-8642-5fa0431527ea",""
"414","card_games","What language is the set of 180 cards that belongs to the Ravnica block translated into?","PASS","CORRECT","text","-","6","10","0","dlr_search_sop → dlr_semantic_query → dlr_search_consensus → get_pe_mapping → get_pe_mapping → execute_sql → execute_sql → execute_sql → dlr_search_consensus → execute_sql","59813","8942","46208","4663","77%","## 回答 **锚定过程（三级并行）** | 级 | 结果 | |---|---| | L2 共识（`dlr_search_consensus`, namespace=card_games） | qid=38：「'set of N cards' → `sets.baseSetSize = N`；'block' → `s","Chinese Simplified | Chinese Traditional | French | German","SELECT DISTINCT fd.language FROM foreign_data fd JOIN cards c ON c.uuid = fd.uuid WHERE c.setCode = 'DIS' ORDER BY fd.language","raw/0929_1202_414_dlr.ndjson","session-4fe97594-ae4a-4855-9005-726030303d73",""
"415","card_games","What percentage of cards with format commander and legal status do not have a content warning?","PASS","CORRECT","num@1e-9","-","5","8","0","dlr_search_sop → dlr_semantic_query → dlr_search_consensus → get_pe_mapping → get_pe_mapping → execute_sql → execute_sql → execute_sql","53604","11390","40576","1638","76%","## 结论 **100%** ### 三级锚定过程 | 级别 | 工具 | 命中结果 | |------|------|----------| | L3 业务逻辑级 | `dlr_search_sop` | **`match=exact`** — 标题逐字复述本题，口径即本题最权威：`""format commander","100","SELECT 100.0 * SUM(CASE WHEN c.hasContentWarning = 0 THEN 1 ELSE 0 END) / COUNT(*) AS pct_no_content_warning FROM legalities l JOIN cards c ON c.uuid = l.uuid WHERE l.format = 'commander' AND l.status","raw/0929_1203_415_dlr.ndjson","session-99e7ca4e-cc8f-4ded-b539-7b9f25d3f281",""
"416","card_games","What percentage of cards without power are in French?","FAIL","PENDING","-","no","8","16","9","dlr_search_sop → dlr_semantic_query → dlr_search_consensus → get_pe_mapping → get_pe_mapping → dlr_search_consensus → execute_sql → execute_sql → execute_sql → execute_sql → execute_sql → execute_sql → execute_sql → execute_sql → execute_sql → execute_sql","100631","12709","85888","2034","85%","","12.975290140452374","SELECT 1 AS t","raw/0929_1203_416_dlr.ndjson","session-4bcafaad-1391-407d-9f3f-a8eacbf9e374",""
"422","card_games","What is the language of the card with the multiverse number 149934?","UNCERTAIN","PENDING","-","no","3","6","5","skill → dlr_search_sop → dlr_semantic_query → dlr_search_consensus → get_pe_mapping → execute_sql","16885","5096","10496","1293","62%","我无法完成这次查询。 **执行情况** 1. 按流程并行发起了三级锚定（L3 口径路 / L1 实体路 / L2 领域共识路），随后又尝试了第二跳 `get_pe_mapping` 与取数 `execute_sql`。 2. 本会话实际可用的工具只有 `skill`（已加载 `paradigm` 范式技能）；`mcp_","French","SELECT 1","raw/0929_1203_422_dlr.ndjson","session-c5dfb5a2-2687-4745-b6c2-f1761c19f5e4",""
"424","card_games","What proportion of cards do not have a text box with a normal layout?","FAIL","WRONG","-","no","3","6","5","skill → dlr_search_sop → dlr_semantic_query → dlr_search_consensus → dlr_semantic_query → execute_sql","15340","5070","9600","670","63%","I attempted to run the standard three-level anchoring flow (L1 semantic recall, L2 consensus retrieval, L3 SOP retrieval), but the `semantic-core` MCP tool surf","0.20238639963394459","SELECT 1","raw/0929_1204_424_dlr.ndjson","session-32d6f8ac-893a-47f6-acb1-aba9909c4843",""
"427","card_games","What languages are available in the set known as Archenemy on the magic card market and having the code ARC?","UNCERTAIN","PENDING","-","-","5","8","6","skill → skill → dlr_search_sop → dlr_semantic_query → dlr_search_consensus → skill → skill → skill","28645","6605","20608","1432","72%","## 结论：无法回答（工具面缺失） 我按 DLR 三级并行锚定流程启动了本题的检索，但**本题所需的 MCP 工具在本会话中均未注册**，三条路径全部返回 `unknown tool`，无法取得任何证据： | 级别 | 计划调用的工具 | 实际返回 | |---|---|---| | L1 数据源级（实体路） | `m","Chinese Simplified | Chinese Traditional | French | German","","raw/0929_1206_427_dlr.ndjson","session-2c12eb92-cc7f-46d4-9cfe-59ac00fe5caa",""
"440","card_games","Which foreign language used by ""A Pedra Fellwar""?","UNCERTAIN","PENDING","-","-","3","8","7","skill → dlr_search_sop → dlr_semantic_query → dlr_search_consensus → dlr_search_consensus → semantic-core__dlr_search_consensus → semantic-core__dlr_semantic_query → semantic-core__dlr_search_sop","18685","5120","11008","2557","59%","## 执行说明 本题要求走「三级并行锚定 → 映射 → SQL」闭环，但**本会话实际挂载的工具只有 `skill` 一个**；语义核心 MCP 工具面（`dlr_semantic_query` / `dlr_search_consensus` / `dlr_search_sop` / `get_pe_mapping`","Portuguese (Brazil)","","raw/0929_1207_440_dlr.ndjson","session-68bee54d-6421-411a-9620-18d6d9afce39",""
"459","card_games","Which card costs more converted mana, ""Serra Angel"" or ""Shrine Keeper""?","PASS","CORRECT","text","-","6","10","6","skill → skill → skill → skill → skill → skill → skill → skill → skill → skill","46046","9037","34560","2449","75%","I attempted the full three-level anchoring loop, but the `semantic-core` MCP tool surface is not reachable from this session. Here is exactly what I tried: **En","Serra Angel","","raw/0929_1208_459_dlr.ndjson","session-5093907f-142b-4cb1-b420-9e02bea94e07",""
"462","card_games","What's the Italian name of the set of cards with ""Ancestor's Chosen"" is in?","UNCERTAIN","PENDING","-","no","5","16","15","skill → dlr_search_sop → dlr_semantic_query → dlr_search_consensus → dlr_search_sop → dlr_semantic_query → semantic-core__dlr_search_consensus → mcp__semantic_core__dlr_semantic_query → skill → execute_sql → get_pe_mapping → dlr_search_consensus → dlr_search_sop → execute_sql → get_full_data_info → get_le_attrs","37459","5509","26368","5582","70%","I attempted the mandated three-level anchor, but the entire `semantic-core` MCP tool face is **not mounted in this session** — every call returned `unknown tool","Set Base Decima Edizione | Sentenza","SELECT 1","raw/0929_1209_462_dlr.ndjson","session-6eb6f6e3-013b-4068-adaa-f1d356e7f7fc",""
"465","card_games","For the set of cards with ""Ancestor's Chosen"" in it, is there a Korean version of it?","UNCERTAIN","PENDING","-","-","6","8","4","skill → skill → skill → skill → skill → skill → skill → skill","44857","8732","33920","2205","76%","## 执行状态：无法完成查询（工具面缺失） 我按 AGENTS.md 的三级并行锚定流程尝试启动，结果如下： **1. L3 口径路** — `mcp__semantic-core__dlr_search_sop` 调用被拒绝：`invalid skill name ""dlr_search_sop""`（该工具未挂载）。","YES","","raw/0929_1211_465_dlr.ndjson","session-58e5b9cd-893d-401c-a5e2-9f7e32e11684",""
"466","card_games","Among the cards in the set ""Hauptset Zehnte Edition"", how many of them are designed by Adam Rex?","FAIL","WRONG","-","-","4","6","4","skill → skill → skill → dlr_search_sop → dlr_semantic_query → dlr_search_consensus","24029","6248","16000","1781","67%","I must report a tooling failure rather than guess. **Attempted workflow (three-level parallel anchoring):** 1. Loaded `paradigm` skill (succeeded) — confirms th","12","","raw/0929_1212_466_dlr.ndjson","session-005903a8-5b06-47fe-ab24-7ffb45169d00",""
"468","card_games","What is the Simplified Chinese translation of the name of the set ""Eighth Edition""?","UNCERTAIN","PENDING","-","-","5","6","2","skill → skill → skill → skill → skill → skill","33635","8595","23680","1360","70%","I attempted the prescribed three-level anchor flow, but I must report a hard blocker honestly rather than fabricate a result. **What I tried and what happened:*","核心系列第八版","","raw/0929_1213_468_dlr.ndjson","session-d83b8c84-b62a-4f44-a6fb-667b476deac1",""
"469","card_games","Did the set of cards with ""Angel of Mercy"" appear on Magic: The Gathering Online?","UNCERTAIN","PENDING","-","-","6","9","4","skill → skill → skill → skill → skill → skill → skill → skill → skill","44424","10058","33024","1342","74%","## 执行说明 我按 DLR 三级并行锚定流程启动了本题：L1 实体路（`dlr_semantic_query`）、L2 领域共识路（`dlr_search_consensus`）、L3 口径路（`dlr_search_sop`），并加载了 `paradigm` 范式认知技能（已成功）。 **但本题无法完成**，原因如","YES | YES | YES | YES","","raw/0929_1213_469_dlr.ndjson","session-ca7bda0b-1ec4-4d06-a754-1eb46846556f",""
"472","card_games","Among the sets in the block ""Ice Age"", how many of them have an Italian translation?","PASS","CORRECT","num@1e-9","-","5","10","8","skill → skill → dlr_search_sop → dlr_semantic_query → dlr_search_consensus → get_pe_mapping → dlr_search_sop → dlr_semantic_query → dlr_search_consensus → execute_sql","32841","6661","24576","1604","75%","我无法完成这个问题：本会话中 `semantic-core` MCP 工具面**整体未挂载**，三级锚定（L1 语义召回、L2 领域共识、L3 口径）与 SQL 执行全部不可达。 **已尝试（3 轮）** | 轮次 | 调用 | 结果 | |---|---|---| | 1 | `mcp__semantic-core_","1","SELECT 1","raw/0929_1213_472_dlr.ndjson","session-06e8598a-7df9-44f6-b930-56997995b968",""
"473","card_games","Is the set of cards with Adarkar Valkyrie only available outside the United States?","UNCERTAIN","PENDING","-","-","5","9","6","skill → skill → skill → dlr_semantic_query → dlr_search_consensus → dlr_search_sop → get_pe_mapping → dlr_semantic_query → dlr_search_consensus","36733","7741","27136","1856","74%","我按「三级并行锚定」流程尝试启动本题的 L1/L2/L3 检索，但本会话的工具面只挂载了 `skill`（范式认知），语义核心 MCP 工具全部不可达： | 尝试调用 | 返回 | |---|---| | `mcp__semantic-core__dlr_semantic_query` | `Error: unknow","NO | NO | NO | NO","","raw/0929_1214_473_dlr.ndjson","session-89758c39-858f-49aa-9e38-dde0af0fb42f",""
"474","card_games","Among the sets of cards that have an Italian translation, how many of them have a base set number of under 100?","FAIL","WRONG","-","no","3","8","7","skill → dlr_search_sop → dlr_semantic_query → dlr_search_consensus → execute_sql → dlr_search_sop → get_pe_mapping → dlr_semantic_query","17228","5152","10368","1708","60%","## 执行说明（工具面不可达，任务无法完成） 我按 AGENTS.md 规定的「三级并行锚定」流程发起调用，但本会话实际挂载的工具面**只有 `skill` 一个**，`semantic-core` MCP 的 6 个工具全部不可达： | 尝试调用 | 结果 | |---|---| | `mcp__semantic-c","30","SELECT 1","raw/0929_1214_474_dlr.ndjson","session-c3705302-2207-41dd-be0d-125018dc7fdf",""
"477","card_games","Which of these artists have designed a card in the set Coldsnap, Jeremy Jarvis, Aaron Miller or Chippy?","PASS","CORRECT","text","-","8","8","4","skill → skill → skill → skill → skill → skill → skill → skill","65885","9233","51968","4684","79%","## 无法完成查询：语义核心服务在本会话不可达 我按三级并行锚定流程启动本题（L3 口径路 / L1 实体路 / L2 共识路），但**本会话挂载的工具面只有 `skill` 一个工具**，`semantic-core` MCP 的 6 个工具（`dlr_semantic_query`、`dlr_search_cons","Chippy | Jeremy Jarvis","","raw/0929_1214_477_dlr.ndjson","session-762f1a26-fca4-4a1d-a61f-6d78676909d5",""
"479","card_games","Among the cards with converted mana cost higher than 5 in the set Coldsnap, how many of them have unknown power?","FAIL","WRONG","-","no","5","8","7","skill → skill → skill → dlr_search_sop → dlr_semantic_query → dlr_search_consensus → dlr_semantic_query → execute_sql","34231","5457","21760","7014","64%","## 执行情况说明 我按三级并行锚定流程启动了本题的检索，但**本会话的工具面不可用**——以下是实际发生的调用与返回： | 尝试 | 目标 | 结果 | |---|---|---| | `skill(name=""paradigm"")` | L3/范式认知 | ✅ 成功（已加载：LE/PE/ARC、两跳强制、锚键 JO","6","SELECT 1","raw/0929_1215_479_dlr.ndjson","session-a183dd9a-c259-423f-bbfd-f047dd78389c",""
"480","card_games","What is the Italian flavor text of the card ""Ancestor's Chosen""?","UNCERTAIN","PENDING","-","-","4","4","1","skill → skill → skill → skill","29356","7533","19712","2111","67%","## 说明 本题需要查「卡牌 Ancestor's Chosen 的意大利语 flavor text」——这属于数据集（卡牌多语言印刷）里的一行具体值，必须走 **L1 语义召回 → `get_pe_mapping` 第二跳 → `execute_sql`** 的闭环才能拿到。 但本次会话的工具体只有 `skill` ","""La volontà di tutti, eseguita per mano mia."" | Sancito da generazioni di forza.","","raw/0929_1216_480_dlr.ndjson","session-1242b889-f6bd-4214-a7d8-a9aa6652bd52",""
"483","card_games","Please list the Italian text ruling of all the cards in the set Coldsnap.","UNCERTAIN","WRONG","-","-","4","3","2","skill → skill → skill","26743","5155","18688","2900","70%","当前本会话只挂载了 `skill` 一个工具（有效名仅 `paradigm`），语义核心的 MCP 工具面（`dlr_semantic_query` / `dlr_search_consensus` / `get_pe_mapping` / `get_full_data_info` / `get_le_attrs` /","Volare, cautela
{T}: Quando una creatura bersaglio diversa dalla Valchiria dell'Adarkar viene messa in un cimitero in questo turno, rimetti in gioco quella cart","","raw/0929_1216_483_dlr.ndjson","session-62edea0d-7163-4b53-9c86-bc0949a33f73",""
"484","card_games","Please list the Italian names of the cards in the set Coldsnap with the highest converted mana cost.","UNCERTAIN","WRONG","-","no","4","8","7","skill → dlr_search_sop → dlr_semantic_query → dlr_search_consensus → get_pe_mapping → execute_sql → mcp__semantic_core__dlr_semantic_query → dlr_search_sop","27756","5345","18304","4107","66%","## 执行情况（三级锚定未启动成功） 拿到问题后，我按流程**并行发出**三级调用，但 `semantic-core` MCP server 在本会话中**未挂载**——所有工具均返回 `unknown tool`，三轮重试（含工具名变体）全部失败： | 级别 | 调用 | 结果 | |---|---|---| | L","Sunscour | Commandeer | Jokulmorder | Rimefeather Owl","SELECT 1","raw/0929_1217_484_dlr.ndjson","session-47b599bb-5447-437f-a540-72fc333ea36b",""
"486","card_games","What is the percentage of the cards with a converted mana cost of 7 in the set Coldsnap?","FAIL","WRONG","-","no","4","12","11","skill → dlr_search_sop → dlr_semantic_query → dlr_search_consensus → get_pe_mapping → mcp__semantic_core__dlr_semantic_query → dlr_semantic_query → semantic_core.dlr_search_consensus → dlr_search_sop → execute_sql → get_le_attrs → get_full_data_info","25913","5239","17920","2754","69%","## 结论：本次无法给出该问题的答案 ### 执行过程（证据驱动，如实记录） 按三级并行锚定流程，我先同时发起了三条路： | 级 | 工具 | 实际返回 | |---|---|---| | L1 数据源级 | `mcp__semantic-core__dlr_semantic_query` | `Error: unkn","7.741935483870968","SELECT 1","raw/0929_1217_486_dlr.ndjson","session-e2c5333b-5f0c-4a92-a26a-d40d7387fcc6",""
"487","card_games","What is the percentage of incredibly powerful cards in the set Coldsnap?","FAIL","WRONG","-","no","7","12","9","skill → skill → skill → skill → dlr_semantic_query → dlr_search_consensus → dlr_search_sop → execute_sql → get_pe_mapping → semantic-core__dlr_semantic_query → dlr_semantic_query → mcp__semantic_core__dlr_semantic_query","50761","8057","40576","2128","80%","I must report a runtime blocker rather than fabricate an answer. **What I attempted (3-level parallel anchoring, as required):** | Level | Tool called | Result ","100","SELECT 1","raw/0929_1218_487_dlr.ndjson","session-ee74e3bc-ec2d-4600-a677-793248c40da6",""
"518","card_games","Which of the play format has the highest number of banned status? Indicate the play format and the names of all the card meet the condition.","UNCERTAIN","PENDING","-","-","3","4","3","skill → dlr_search_sop → dlr_semantic_query → dlr_search_consensus","16278","4985","9984","1309","61%","我按三级并行锚定流程启动了本题的检索（口径路 / 实体路 / evidence 路），但当前运行组合里 **`semantic-core` MCP 工具面没有挂载**，三次调用均返回 `unknown tool`： - `mcp__semantic-core__dlr_search_sop` → unknown too","legacy | Balance | legacy | Crusade","","raw/0929_1218_518_dlr.ndjson","session-f519c9a4-f8f0-42a5-909a-0b39d8c9c399",""
"522","card_games","Which cards are ranked 1st on EDHRec? List all of the cards name and its banned play format.","UNCERTAIN","PENDING","-","-","6","6","3","skill → skill → skill → skill → skill → skill","43470","7877","33536","2057","77%","## 执行结果说明 我按规范启动了三級并行锚定流程，但**本会话运行时未挂载 `semantic-core` MCP 工具面**，无法完成元数据检索与 SQL 查询： **已尝试的动作与返回** | 尝试 | 目标 | 结果 | |------|------|------| | `skill(name=""paradig","Sol Ring | duel | Sol Ring | legacy","","raw/0929_1219_522_dlr.ndjson","session-088c1c03-15a1-404d-9d04-f58f8f58cd61",""
"528","card_games","List the names of all the cards in the set Hour of Devastation and find the formats in which these cards are legal.","UNCERTAIN","PENDING","-","no","5","10","9","skill → skill → dlr_semantic_query → dlr_search_consensus → dlr_search_sop → semantic-core__dlr_semantic_query → dlr_semantic_query → dlr_search_consensus → execute_sql → mcp__semantic_core__dlr_semantic_query","28583","5474","21120","1989","74%","## 执行情况说明 我按三级并行锚定流程发起检索，但**本会话运行时并未挂载 `semantic-core` MCP 工具面**，所有 MCP 调用均返回 `unknown tool`： | 尝试的工具调用 | 结果 | |---|---| | `mcp__semantic-core__dlr_semantic_que","Act of Heroism | commander | Act of Heroism | duel","SELECT 1","raw/0929_1219_528_dlr.ndjson","session-5e6a30ed-77ef-49e2-95e5-e4f52fdb3707",""
"529","card_games","Find and list the names of sets which doesn't have Japanese translation but have Korean translation.","UNCERTAIN","WRONG","-","-","3","5","3","skill → skill → skill → skill → skill","18292","6194","10624","1474","58%","我无法完成这道题——需要说明原因。 ## 执行情况 按三级并行锚定流程，我先加载了范式认知技能 `paradigm`（成功），随后尝试发出三级并行召回： | 级别 | 计划调用的工具 | 结果 | |------|----------------|------| | L3 业务逻辑级 | `mcp__semantic-","Tenth Edition | Fourth Edition | Fifth Dawn | Fifth Edition","","raw/0929_1220_529_dlr.ndjson","session-719c5149-dc6d-4f19-908b-1dbb454c1753",""
"530","card_games","List all the frame styles and cards Allen Williams worked on and find any banned cards if there are any.","UNCERTAIN","PENDING","-","-","5","7","6","skill → skill → skill → dlr_search_sop → dlr_semantic_query → dlr_search_consensus → dlr_semantic_query","28603","5403","20992","2208","73%","## 执行情况说明 我按 DLR 三级并行锚定流程启动了本题的查询，但**本会话运行时未挂载 `semantic-core` MCP 工具面**，三级全部无法执行： | 级别 | 计划调用的工具 | 实际返回 | |------|----------------|----------| | L3 业务逻辑级（口径/陷阱","1997 | Blinking Spirit | NO | 1997","","raw/0929_1220_530_dlr.ndjson","session-78509b75-c74c-473b-bcbd-1020c10276d0",""