用户ID,日期(UTC),模型名称,API Key（脱敏）,计费类型,单价(¥/token),用量,说明
88148075,2026-07-03,LongCat-2.0,ak_2****rr8T,Free_token_pack_input_cache_hit_tokens,0,18609536,免费资源包消耗，单价0
88148075,2026-07-03,LongCat-2.0,ak_2****rr8T,Free_token_pack_input_cache_miss_tokens,-,382289,免费资源包消耗，不收费，仅统计
88148075,2026-07-03,LongCat-2.0,ak_2****rr8T,Free_token_pack_output_tokens,-,56612,免费资源包消耗，不收费，仅统计
88148075,2026-07-03,LongCat-2.0,ak_2****rr8T,Free_token_pack_request_count,-,184,免费资源包消耗，不收费，仅统计
88148075,2026-07-04,LongCat-2.0,ak_2****rr8T,Free_token_pack_input_cache_hit_tokens,0,1536,
88148075,2026-07-04,LongCat-2.0,ak_2****rr8T,Free_token_pack_input_cache_miss_tokens,-,192348,
88148075,2026-07-04,LongCat-2.0,ak_2****rr8T,Free_token_pack_output_tokens,-,46,
88148075,2026-07-04,LongCat-2.0,ak_2****rr8T,Free_token_pack_request_count,-,1,
88148075,2026-07-06,LongCat-2.0,ak_2****rr8T,Free_token_pack_input_cache_hit_tokens,0,52170624,
88148075,2026-07-06,LongCat-2.0,ak_2****rr8T,Free_token_pack_input_cache_miss_tokens,-,898394,
88148075,2026-07-06,LongCat-2.0,ak_2****rr8T,Free_token_pack_output_tokens,-,216054,
88148075,2026-07-06,LongCat-2.0,ak_2****rr8T,Free_token_pack_request_count,-,462,
88148075,2026-07-07,LongCat-2.0,ak_2****rr8T,Free_token_pack_input_cache_hit_tokens,0,87481088,
88148075,2026-07-07,LongCat-2.0,ak_2****rr8T,Free_token_pack_input_cache_miss_tokens,-,1792372,
88148075,2026-07-07,LongCat-2.0,ak_2****rr8T,Free_token_pack_output_tokens,-,322617,
88148075,2026-07-07,LongCat-2.0,ak_2****rr8T,Free_token_pack_request_count,-,889,
88148075,2026-07-09,LongCat-2.0,ak_2****rr8T,Free_token_pack_input_cache_hit_tokens,0,61495808,
88148075,2026-07-09,LongCat-2.0,ak_2****rr8T,Free_token_pack_input_cache_miss_tokens,-,775295,
88148075,2026-07-09,LongCat-2.0,ak_2****rr8T,Free_token_pack_output_tokens,-,201177,
88148075,2026-07-09,LongCat-2.0,ak_2****rr8T,Free_token_pack_request_count,-,578,
88148075,2026-07-10,LongCat-2.0,ak_2****rr8T,Free_token_pack_input_cache_hit_tokens,0,21954944,
88148075,2026-07-10,LongCat-2.0,ak_2****rr8T,Free_token_pack_input_cache_miss_tokens,-,614805,
88148075,2026-07-10,LongCat-2.0,ak_2****rr8T,Free_token_pack_output_tokens,-,148597,
88148075,2026-07-10,LongCat-2.0,ak_2****rr8T,Free_token_pack_request_count,-,359,
88148075,2026-07-13,LongCat-2.0,ak_2****rr8T,Free_token_pack_input_cache_hit_tokens,0,69098112,
88148075,2026-07-13,LongCat-2.0,ak_2****rr8T,Free_token_pack_input_cache_miss_tokens,-,1213634,
88148075,2026-07-13,LongCat-2.0,ak_2****rr8T,Free_token_pack_output_tokens,-,263224,
88148075,2026-07-13,LongCat-2.0,ak_2****rr8T,Free_token_pack_request_count,-,485,
88148075,2026-07-14,LongCat-2.0,ak_2****rr8T,Free_token_pack_input_cache_hit_tokens,0,294673920,
88148075,2026-07-14,LongCat-2.0,ak_2****rr8T,Free_token_pack_input_cache_miss_tokens,-,852580,
88148075,2026-07-14,LongCat-2.0,ak_2****rr8T,Free_token_pack_output_tokens,-,362604,
88148075,2026-07-14,LongCat-2.0,ak_2****rr8T,Free_token_pack_request_count,-,942,
88148075,2026-07-15,LongCat-2.0,ak_2****rr8T,Free_token_pack_input_cache_hit_tokens,0,105095168,
88148075,2026-07-15,LongCat-2.0,ak_2****rr8T,Free_token_pack_input_cache_miss_tokens,-,1087301,
88148075,2026-07-15,LongCat-2.0,ak_2****rr8T,Free_token_pack_output_tokens,-,366959,
88148075,2026-07-15,LongCat-2.0,ak_2****rr8T,Free_token_pack_request_count,-,723,
88148075,2026-07-16,LongCat-2.0,ak_2****rr8T,Free_token_pack_input_cache_hit_tokens,0,3996,
88148075,2026-07-16,LongCat-2.0,ak_2****rr8T,Free_token_pack_input_cache_miss_tokens,-,251642,
88148075,2026-07-16,LongCat-2.0,ak_2****rr8T,Free_token_pack_output_tokens,-,1450,
88148075,2026-07-16,LongCat-2.0,ak_2****rr8T,Free_token_pack_request_count,-,1,
88148075,2026-07-16,LongCat-2.0,ak_2****rr8T,Paid_token_pack_input_cache_hit_tokens,0,160554340,付费资源包消耗，单价0
88148075,2026-07-16,LongCat-2.0,ak_2****rr8T,Paid_token_pack_input_cache_miss_tokens,-,3137835,付费资源包消耗，不收费，仅统计
88148075,2026-07-16,LongCat-2.0,ak_2****rr8T,Paid_token_pack_output_tokens,-,456986,付费资源包消耗，不收费，仅统计
88148075,2026-07-16,LongCat-2.0,ak_2****rr8T,Paid_token_pack_request_count,-,1337,付费资源包消耗，不收费，仅统计
88148075,2026-07-17,LongCat-2.0,ak_2****rr8T,Paid_token_pack_input_cache_hit_tokens,0,37062144,
88148075,2026-07-17,LongCat-2.0,ak_2****rr8T,Paid_token_pack_input_cache_miss_tokens,-,2437679,
88148075,2026-07-17,LongCat-2.0,ak_2****rr8T,Paid_token_pack_output_tokens,-,290518,
88148075,2026-07-17,LongCat-2.0,ak_2****rr8T,Paid_token_pack_request_count,-,1188,
88148075,2026-07-18,LongCat-2.0,ak_2****rr8T,Paid_token_pack_input_cache_hit_tokens,0,48947200,
88148075,2026-07-18,LongCat-2.0,ak_2****rr8T,Paid_token_pack_input_cache_miss_tokens,-,910652,
88148075,2026-07-18,LongCat-2.0,ak_2****rr8T,Paid_token_pack_output_tokens,-,180141,
88148075,2026-07-18,LongCat-2.0,ak_2****rr8T,Paid_token_pack_request_count,-,547,
88148075,2026-07-20,LongCat-2.0,ak_2****rr8T,Paid_token_pack_input_cache_hit_tokens,0,51243904,
88148075,2026-07-20,LongCat-2.0,ak_2****rr8T,Paid_token_pack_input_cache_miss_tokens,-,2242944,
88148075,2026-07-20,LongCat-2.0,ak_2****rr8T,Paid_token_pack_output_tokens,-,565882,
88148075,2026-07-20,LongCat-2.0,ak_2****rr8T,Paid_token_pack_request_count,-,810,
88148075,2026-07-21,LongCat-2.0,ak_2****rr8T,Paid_token_pack_input_cache_hit_tokens,0,5830016,
88148075,2026-07-21,LongCat-2.0,ak_2****rr8T,Paid_token_pack_input_cache_miss_tokens,-,1339827,
88148075,2026-07-21,LongCat-2.0,ak_2****rr8T,Paid_token_pack_output_tokens,-,225043,
88148075,2026-07-21,LongCat-2.0,ak_2****rr8T,Paid_token_pack_request_count,-,694,
88148075,2026-07-22,LongCat-2.0,ak_2****rr8T,Paid_token_pack_input_cache_hit_tokens,0,1970688,
88148075,2026-07-22,LongCat-2.0,ak_2****rr8T,Paid_token_pack_input_cache_miss_tokens,-,706129,
88148075,2026-07-22,LongCat-2.0,ak_2****rr8T,Paid_token_pack_output_tokens,-,175729,
88148075,2026-07-22,LongCat-2.0,ak_2****rr8T,Paid_token_pack_request_count,-,302,
88148075,2026-07-23,LongCat-2.0,ak_2****rr8T,Paid_token_pack_input_cache_hit_tokens,0,8475008,
88148075,2026-07-23,LongCat-2.0,ak_2****rr8T,Paid_token_pack_input_cache_miss_tokens,-,2478620,
88148075,2026-07-23,LongCat-2.0,ak_2****rr8T,Paid_token_pack_output_tokens,-,491679,
88148075,2026-07-23,LongCat-2.0,ak_2****rr8T,Paid_token_pack_request_count,-,912,
88148075,2026-07-24,LongCat-2.0,ak_2****rr8T,Paid_token_pack_input_cache_hit_tokens,0,10235648,
88148075,2026-07-24,LongCat-2.0,ak_2****rr8T,Paid_token_pack_input_cache_miss_tokens,-,2755718,
88148075,2026-07-24,LongCat-2.0,ak_2****rr8T,Paid_token_pack_output_tokens,-,438399,
88148075,2026-07-24,LongCat-2.0,ak_2****rr8T,Paid_token_pack_request_count,-,1466,
88148075,2026-07-25,LongCat-2.0,ak_2****rr8T,Paid_token_pack_input_cache_hit_tokens,0,10274688,
88148075,2026-07-25,LongCat-2.0,ak_2****rr8T,Paid_token_pack_input_cache_miss_tokens,-,1864724,
88148075,2026-07-25,LongCat-2.0,ak_2****rr8T,Paid_token_pack_output_tokens,-,365359,
88148075,2026-07-25,LongCat-2.0,ak_2****rr8T,Paid_token_pack_request_count,-,872,
88148075,2026-07-26,LongCat-2.0,ak_2****rr8T,Paid_token_pack_input_cache_hit_tokens,0,2056576,
88148075,2026-07-26,LongCat-2.0,ak_2****rr8T,Paid_token_pack_input_cache_miss_tokens,-,862069,
88148075,2026-07-26,LongCat-2.0,ak_2****rr8T,Paid_token_pack_output_tokens,-,203785,
88148075,2026-07-26,LongCat-2.0,ak_2****rr8T,Paid_token_pack_request_count,-,307,
88148075,2026-07-27,LongCat-2.0,ak_2****rr8T,Paid_token_pack_input_cache_hit_tokens,0,8429568,
88148075,2026-07-27,LongCat-2.0,ak_2****rr8T,Paid_token_pack_input_cache_miss_tokens,-,2390906,
88148075,2026-07-27,LongCat-2.0,ak_2****rr8T,Paid_token_pack_output_tokens,-,435922,
88148075,2026-07-27,LongCat-2.0,ak_2****rr8T,Paid_token_pack_request_count,-,1066,
88148075,2026-07-28,LongCat-2.0,ak_2****rr8T,Paid_token_pack_input_cache_hit_tokens,0,3351040,
88148075,2026-07-28,LongCat-2.0,ak_2****rr8T,Paid_token_pack_input_cache_miss_tokens,-,1446033,
88148075,2026-07-28,LongCat-2.0,ak_2****rr8T,Paid_token_pack_output_tokens,-,307432,
88148075,2026-07-28,LongCat-2.0,ak_2****rr8T,Paid_token_pack_request_count,-,549,
88148075,2026-07-29,LongCat-2.0,ak_2****rr8T,Paid_token_pack_input_cache_hit_tokens,0,5136512,
88148075,2026-07-29,LongCat-2.0,ak_2****rr8T,Paid_token_pack_input_cache_miss_tokens,-,1972370,
88148075,2026-07-29,LongCat-2.0,ak_2****rr8T,Paid_token_pack_output_tokens,-,413293,
88148075,2026-07-29,LongCat-2.0,ak_2****rr8T,Paid_token_pack_request_count,-,628,
88148075,2026-07-30,LongCat-2.0,ak_2****rr8T,Paid_token_pack_input_cache_hit_tokens,0,227736192,
88148075,2026-07-30,LongCat-2.0,ak_2****rr8T,Paid_token_pack_input_cache_miss_tokens,-,2248436,
88148075,2026-07-30,LongCat-2.0,ak_2****rr8T,Paid_token_pack_output_tokens,-,616927,
88148075,2026-07-30,LongCat-2.0,ak_2****rr8T,Paid_token_pack_request_count,-,1097,
88148075,2026-07-31,LongCat-2.0,ak_2****rr8T,Paid_token_pack_input_cache_hit_tokens,0,6765568,
88148075,2026-07-31,LongCat-2.0,ak_2****rr8T,Paid_token_pack_input_cache_miss_tokens,-,1140079,
88148075,2026-07-31,LongCat-2.0,ak_2****rr8T,Paid_token_pack_output_tokens,-,150565,
88148075,2026-07-31,LongCat-2.0,ak_2****rr8T,Paid_token_pack_request_count,-,687,
