qid,paradigm,token,run_id
5,dlr,35885,0725_2126_5-11_EDR
5,er,67294,0725_2126_5-11_EDR
5,rdf,37623,0725_2126_5-11_EDR
11,dlr,57929,0729_1657_11-11_D
11,er,87085,0725_2126_5-11_EDR
11,rdf,60690,0725_2126_5-11_EDR
12,dlr,60884,0725_2153_12-17_EDR
12,er,98325,0725_2153_12-17_EDR
12,rdf,69884,0725_2153_12-17_EDR
17,dlr,56187,0725_2153_12-17_EDR
17,er,85213,0725_2153_12-17_EDR
17,rdf,41414,0725_2153_12-17_EDR
23,dlr,87028,0729_1605_23-23_D
23,er,115584,0727_0921_23-24_EDR
23,rdf,38490,0727_0954_23-23_EDR
24,dlr,41050,0730_0001_24-24_EDR
24,er,59301,0729_2341_24-24_ED
24,rdf,50417,0730_0028_24-24_EDR
25,dlr,46950,0729_0932_25-26_EDR
25,er,6393,0728_2020_25-26_EDR
25,rdf,6267,0728_2020_25-26_EDR
26,dlr,15433,0728_2020_25-26_EDR
26,er,6443,0728_2020_25-26_EDR
26,rdf,6180,0728_2020_25-26_EDR
27,dlr,26790,0729_1358_27-27_D
27,er,99894,0729_1244_27-27_EDR
27,rdf,59407,0729_1359_27-27_EDR
28,dlr,78120,0729_1110_27-28_EDR
28,er,79930,0729_1234_27-28_EDR
28,rdf,61759,0729_1110_27-28_EDR
89,dlr,71207,0725_2216_89-92_EDR
89,er,157511,0725_2216_89-92_EDR
89,rdf,81125,0725_2216_89-92_EDR
92,dlr,120828,0729_1549_92-92_D
92,er,104583,0725_2216_89-92_EDR
92,rdf,86875,0725_2216_89-92_EDR
93,dlr,89698,0729_2043_93-93_D
93,er,89663,0725_2227_93-94_EDR
93,rdf,61037,0725_2227_93-94_EDR
94,dlr,85074,0726_1316_94-94_EDR
94,er,126170,0726_1316_94-94_EDR
94,rdf,98553,0725_2227_93-94_EDR
95,dlr,80320,0730_1603_95-95_D
95,er,63563,0727_1051_95-95_EDR
95,rdf,72234,0727_1051_95-95_EDR
98,dlr,88830,0727_1010_95-98_EDR
98,er,72786,0727_1010_95-98_EDR
98,rdf,86224,0727_1010_95-98_EDR
99,dlr,43858,0727_1932_99-100_D
99,er,65185,0727_1646_99-100_EDR
99,rdf,81656,0727_1646_99-100_EDR
100,dlr,76136,0729_1749_100-100_D
100,er,56335,0727_1646_99-100_EDR
100,rdf,57070,0727_1646_99-100_EDR
112,dlr,66742,0729_1731_112-112_D
112,er,47188,0729_1018_112-115_EDR
112,rdf,50503,0729_1018_112-115_EDR
115,dlr,54264,0729_1018_112-115_EDR
115,er,54014,0729_1018_112-115_EDR
115,rdf,54263,0729_1018_112-115_EDR
195,dlr,30269,0724_1132_195-197_DR
195,er,40714,0723_1639_195-197_EDR
195,rdf,25581,0724_1132_195-197_DR
197,dlr,34862,0724_1132_195-197_DR
197,er,57143,0723_1639_195-197_EDR
197,rdf,37140,0723_1639_195-197_EDR
198,dlr,33619,0731_0002_198-200_EDR
198,er,35987,0731_0002_198-200_EDR
198,rdf,29929,0731_0002_198-200_EDR
200,dlr,31804,0724_1917_198-200_EDR
200,er,35557,0731_0002_198-200_EDR
200,rdf,25992,0724_1917_198-200_EDR
201,dlr,33423,0726_1818_201-206_EDR
201,er,29179,0726_1818_201-206_EDR
201,rdf,37098,0726_1818_201-206_EDR
206,dlr,40861,0726_1818_201-206_EDR
206,er,57597,0726_1818_201-206_EDR
206,rdf,50559,0726_1818_201-206_EDR
207,dlr,43279,0727_1522_207-207_D
207,er,53325,0727_1446_207-208_EDR
207,rdf,37239,0727_1446_207-208_EDR
208,dlr,41900,0727_1446_207-208_EDR
208,er,69775,0727_1446_207-208_EDR
208,rdf,92819,0727_1446_207-208_EDR
212,dlr,41968,0728_1132_212-213_EDR
212,er,49124,0728_1132_212-213_EDR
212,rdf,29231,0728_1132_212-213_EDR
213,dlr,41431,0728_1132_212-213_EDR
213,er,115275,0728_1132_212-213_EDR
213,rdf,35318,0728_1132_212-213_EDR
340,dlr,32581,0723_1604_340-340_EDR
340,er,33104,0723_1604_340-340_EDR
340,rdf,27478,0723_1604_340-340_EDR
341,dlr,58978,0723_1545_340-341_EDR
341,er,95200,0723_1545_340-341_EDR
341,rdf,30310,0723_1545_340-341_EDR
344,dlr,34288,0724_1908_344-344_EDR
344,er,12991,0724_1907_344-344_EDR
344,rdf,13338,0724_1907_344-344_EDR
345,dlr,44608,0731_0017_344-345_EDR
345,er,59786,0731_0022_344-345_EDR
345,rdf,41161,0724_1844_344-345_EDR
346,dlr,74484,0726_1619_346-347_EDR
346,er,64089,0726_1619_346-347_EDR
346,rdf,45578,0726_1619_346-347_EDR
347,dlr,105495,0726_1619_346-347_EDR
347,er,144494,0726_1619_346-347_EDR
347,rdf,36459,0726_1619_346-347_EDR
349,dlr,43995,0726_1642_349-352_EDR
349,er,87205,0726_1642_349-352_EDR
349,rdf,53523,0726_1642_349-352_EDR
352,dlr,32414,0729_2101_352-352_D
352,er,67392,0729_2109_352-352_E
352,rdf,27168,0729_2110_352-352_R
356,dlr,32929,0727_2032_356-358_EDR
356,er,72445,0727_2032_356-358_EDR
356,rdf,27525,0727_2032_356-358_EDR
358,dlr,32909,0727_2032_356-358_EDR
358,er,75681,0727_2032_356-358_EDR
358,rdf,51641,0727_2032_356-358_EDR
366,dlr,36324,0728_1010_366-366_D
366,er,49239,0728_0936_366-368_EDR
366,rdf,60841,0728_0936_366-368_EDR
368,dlr,32962,0728_0936_366-368_EDR
368,er,42655,0728_0936_366-368_EDR
368,rdf,36478,0728_0936_366-368_EDR
531,dlr,31518,0724_1125_531-532_DR
531,er,36525,0723_1458_531-532_EDR
531,rdf,26650,0724_1125_531-532_DR
532,dlr,34233,0724_1125_531-532_DR
532,er,55456,0723_1458_531-532_EDR
532,rdf,197057,0724_1125_531-532_DR
533,dlr,31287,0724_1743_533-533_EDR
533,er,27226,0724_1840_533-533_EDR
533,rdf,12591,0724_1742_533-533_EDR
537,dlr,33914,0731_0036_537-537_D
537,er,33989,0731_0024_533-537_EDR
537,rdf,27365,0731_0024_533-537_EDR
539,dlr,79768,0726_1815_539-544_EDR
539,er,52150,0726_1815_539-544_EDR
539,rdf,68731,0726_1815_539-544_EDR
544,dlr,51592,0726_1815_539-544_EDR
544,er,56254,0726_1815_539-544_EDR
544,rdf,35689,0726_1815_539-544_EDR
547,dlr,52782,0727_1243_547-549_EDR
547,er,60473,0727_1243_547-549_EDR
547,rdf,53148,0727_1243_547-549_EDR
549,dlr,51179,0727_1243_547-549_EDR
549,er,46327,0727_1241_547-549_EDR
549,rdf,33150,0727_1243_547-549_EDR
555,dlr,50639,0728_1013_555-557_EDR
555,er,46479,0728_1013_555-557_EDR
555,rdf,100051,0728_1013_555-557_EDR
557,dlr,61472,0728_1013_555-557_EDR
557,er,59209,0728_1013_555-557_EDR
557,rdf,51605,0728_1013_555-557_EDR
717,dlr,44113,0729_2336_717-717_EDR
717,er,44528,0723_1453_717-994_EDR
717,rdf,28504,0729_2336_717-717_EDR
719,dlr,36084,0731_0039_719-723_EDR
719,er,29488,0731_0112_719-723_ER
719,rdf,28825,0724_1652_719-723_EDR
723,dlr,35981,0729_1734_723-723_D
723,er,29068,0724_1652_719-723_EDR
723,rdf,29175,0724_1652_719-723_EDR
724,dlr,43001,0727_0916_857-724_EDR
724,er,37230,0727_0916_857-724_EDR
724,rdf,30272,0727_0916_857-724_EDR
726,dlr,65984,0727_1111_726-728_EDR
726,er,47557,0727_1104_726-728_EDR
726,rdf,39654,0727_1104_726-728_EDR
728,dlr,54075,0727_1111_726-728_EDR
728,er,36838,0727_1109_728-728_EDR
728,rdf,52604,0727_1111_726-728_EDR
730,dlr,37591,0727_2000_730-732_D
730,er,84532,0727_1938_730-732_EDR
730,rdf,83411,0727_1950_730-732_R
732,dlr,55585,0727_2000_730-732_D
732,er,46469,0727_1938_730-732_EDR
732,rdf,37962,0727_1950_730-732_R
733,dlr,45089,0729_1529_733-733_D
733,er,28920,0729_1040_733-736_EDR
733,rdf,28642,0729_1040_733-736_EDR
736,dlr,34647,0729_1040_733-736_EDR
736,er,44949,0729_1040_733-736_EDR
736,rdf,36874,0729_1040_733-736_EDR
846,dlr,33606,0723_1442_846-847_EDR
846,er,68563,0723_1442_846-847_EDR
846,rdf,28437,0724_1122_846-847_DR
847,dlr,33238,0723_1442_846-847_EDR
847,er,44477,0723_1442_846-847_EDR
847,rdf,28697,0724_1122_846-847_DR
850,dlr,41934,0724_1009_850-854_EDR
850,er,45188,0724_1009_850-854_EDR
850,rdf,35048,0724_1137_850-854_DR
854,dlr,52380,0724_1137_850-854_DR
854,er,63486,0724_1009_850-854_EDR
854,rdf,36067,0724_1009_850-854_EDR
857,dlr,60127,0727_0916_857-724_EDR
857,er,54217,0727_0916_857-724_EDR
857,rdf,78188,0727_0916_857-724_EDR
859,dlr,53029,0727_1552_859-861_EDR
859,er,38281,0727_1552_859-861_EDR
859,rdf,35543,0727_1552_859-861_EDR
861,dlr,44531,0727_1635_859-861_DR
861,er,38425,0727_1631_859-861_E
861,rdf,43901,0727_1635_859-861_DR
862,dlr,33632,0729_1725_862-862_D
862,er,34834,0728_1935_862-865_EDR
862,rdf,36839,0728_1934_862-865_EDR
865,dlr,34235,0728_1934_862-865_EDR
865,er,48155,0728_1935_862-865_EDR
865,rdf,30044,0728_1935_862-865_EDR
994,dlr,54656,0723_1453_717-994_EDR
994,er,80923,0723_1453_717-994_EDR
994,rdf,29100,0724_1123_717-994_DR
1025,dlr,32834,0724_1121_1025-1028_DR
1025,er,95251,0723_1411_1025-1028_EDR
1025,rdf,31916,0723_1411_1025-1028_EDR
1028,dlr,35513,0724_1121_1025-1028_DR
1028,er,56628,0723_1411_1025-1028_EDR
1028,rdf,54205,0724_1121_1025-1028_DR
1029,dlr,33257,0724_1136_1029-1030_DR
1029,er,36434,0723_1953_1029-1030_EDR
1029,rdf,26171,0724_1136_1029-1030_DR
1030,dlr,33059,0723_1953_1029-1030_EDR
1030,er,33328,0723_1953_1029-1030_EDR
1030,rdf,37527,0724_1136_1029-1030_DR
1031,dlr,45199,0724_2300_1031-1031_EDR
1031,er,63578,0724_2159_1031-1031_ED
1031,rdf,27704,0724_2157_1031-1031_EDR
1032,dlr,32502,0724_2250_1032-1032_EDR
1032,er,64320,0724_2250_1032-1032_EDR
1032,rdf,32715,0724_2250_1032-1032_EDR
1035,dlr,38318,0727_1545_1035-1036_D
1035,er,106247,0727_1530_1035-1036_EDR
1035,rdf,48529,0727_1530_1035-1036_EDR
1036,dlr,36331,0727_1530_1035-1036_EDR
1036,er,42628,0727_1530_1035-1036_EDR
1036,rdf,65053,0727_1530_1035-1036_EDR
1037,dlr,50536,0728_1245_1037-1039_EDR
1037,er,96538,0728_1245_1037-1039_EDR
1037,rdf,35882,0728_1245_1037-1039_EDR
1039,dlr,73707,0728_1245_1037-1039_EDR
1039,er,66799,0728_1245_1037-1039_EDR
1039,rdf,54226,0728_1245_1037-1039_EDR
1149,dlr,32309,0723_1146_1149-1150_EDR
1149,er,36998,0723_1146_1149-1150_EDR
1149,rdf,28505,0724_1120_1149-1150_DR
1150,dlr,31879,0724_1120_1149-1150_DR
1150,er,59539,0723_1146_1149-1150_EDR
1150,rdf,26391,0724_1120_1149-1150_DR
1152,dlr,40351,0724_2005_1152-1152_EDR
1152,er,68893,0724_2005_1152-1152_EDR
1152,rdf,27409,0724_2005_1152-1152_EDR
1153,dlr,37227,0724_1135_1152-1153_DR
1153,er,99754,0723_1919_1152-1153_EDR
1153,rdf,31537,0723_1919_1152-1153_EDR
1155,dlr,56704,0724_2021_1155-1156_EDR
1155,er,84434,0724_2021_1155-1156_EDR
1155,rdf,114981,0724_2021_1155-1156_EDR
1156,dlr,33329,0724_2021_1155-1156_EDR
1156,er,67961,0724_2021_1155-1156_EDR
1156,rdf,28520,0724_2021_1155-1156_EDR
1157,dlr,41491,0727_1442_1157-1162_EDR
1157,er,54114,0727_1442_1157-1162_EDR
1157,rdf,52667,0727_1442_1157-1162_EDR
1162,dlr,32648,0729_1558_1162-1162_D
1162,er,28614,0727_1442_1157-1162_EDR
1162,rdf,36698,0727_1442_1157-1162_EDR
1164,dlr,52132,0728_1023_1164-1166_EDR
1164,er,52462,0728_1023_1164-1166_EDR
1164,rdf,36101,0728_1023_1164-1166_EDR
1166,dlr,41830,0728_1125_1166-1166_D
1166,er,48084,0728_1023_1164-1166_EDR
1166,rdf,37609,0728_1023_1164-1166_EDR
1312,dlr,40382,0723_1140_1312-1317_EDR
1312,er,49351,0723_1140_1312-1317_EDR
1312,rdf,47942,0723_1140_1312-1317_EDR
1317,dlr,34492,0725_0859_1317-1317_D
1317,er,38963,0723_1140_1312-1317_EDR
1317,rdf,37558,0723_1140_1312-1317_EDR
1322,dlr,31509,0723_1912_1322-1323_EDR
1322,er,43936,0723_1912_1322-1323_EDR
1322,rdf,35443,0723_1912_1322-1323_EDR
1323,dlr,51642,0724_1133_1322-1323_DR
1323,er,104100,0723_1912_1322-1323_EDR
1323,rdf,28111,0724_1133_1322-1323_DR
1331,dlr,32563,0724_2015_1331-1334_EDR
1331,er,73821,0724_2015_1331-1334_EDR
1331,rdf,77279,0724_2015_1331-1334_EDR
1334,dlr,48875,0724_2015_1331-1334_EDR
1334,er,55114,0724_2015_1331-1334_EDR
1334,rdf,42503,0724_2015_1331-1334_EDR
1338,dlr,7255,0727_1401_1338-1339_EDR
1338,er,79177,0727_1401_1338-1339_EDR
1338,rdf,84515,0727_1406_1338-1339_EDR
1339,dlr,14929,0727_1401_1338-1339_EDR
1339,er,92433,0727_1401_1338-1339_EDR
1339,rdf,75856,0727_1401_1338-1339_EDR
1340,dlr,33630,0729_2331_1340-1340_EDR
1340,er,52963,0728_1017_1340-1344_EDR
1340,rdf,45518,0728_1017_1340-1344_EDR
1344,dlr,39130,0728_1017_1340-1344_EDR
1344,er,61185,0728_1017_1340-1344_EDR
1344,rdf,27522,0728_1017_1340-1344_EDR
1471,dlr,42041,0724_0922_1471-1472_D
1471,er,42421,0731_0210_1471-1472_E
1471,rdf,61762,0724_0909_1471-1471_R
1472,dlr,71029,0724_0922_1471-1472_D
1472,er,53755,0731_0210_1471-1472_E
1472,rdf,128238,0724_0906_1471-1472_R
1473,dlr,43327,0724_0925_1473-1476_D
1473,er,59592,0731_0212_1473-1476_E
1473,rdf,28355,0724_0912_1473-1476_R
1476,dlr,46208,0724_0925_1473-1476_D
1476,er,49249,0731_0212_1473-1476_E
1476,rdf,98442,0724_0912_1473-1476_R
1479,dlr,43397,0729_1637_1479-1479_D
1479,er,43712,0720_5-6_EDR
1479,rdf,101068,0724_1003_1479-1480_R
1480,dlr,36425,0724_0957_1479-1480_D
1480,er,50260,0720_5-6_EDR
1480,rdf,27664,0724_1003_1479-1480_R
1481,dlr,74821,0724_1024_1481-1482_DR
1481,er,230002,0720_1018_1481-1482_EDR
1481,rdf,112247,0724_1024_1481-1482_DR
1482,dlr,56468,0724_1024_1481-1482_DR
1482,er,46942,0720_1018_1481-1482_EDR
1482,rdf,110413,0724_1024_1481-1482_DR
1483,dlr,33927,0720_1637_1483-1484_EDR
1483,er,44551,0720_1637_1483-1484_EDR
1483,rdf,170885,0720_1637_1483-1484_EDR
1484,dlr,39184,0720_1637_1483-1484_EDR
1484,er,41164,0720_1637_1483-1484_EDR
1484,rdf,60725,0724_1046_1484-1484_R
1486,dlr,113827,0724_1048_1486-1490_DR
1486,er,62200,0720_2035_1486-1490_EDR
1486,rdf,77100,0724_1048_1486-1490_DR
1490,dlr,102516,0724_1048_1486-1490_DR
1490,er,54488,0721_1123_1486-1490_EDR
1490,rdf,93410,0724_1048_1486-1490_DR
1493,dlr,44333,0724_1053_1493-1498_DR
1493,er,36552,0721_1552_1493-1494_EDR
1493,rdf,66199,0724_1053_1493-1498_DR
1498,dlr,33505,0724_1053_1493-1498_DR
1498,er,34828,0721_1555_1498-1498_EDR
1498,rdf,29178,0724_1053_1493-1498_DR
1500,dlr,107280,0725_0045_1500-1500_D
1500,er,118035,0721_1916_1500-1500_EDR
1500,rdf,158025,0724_1054_1500-1501_DR
1501,dlr,147662,0724_1054_1500-1501_DR
1501,er,153328,0721_1906_1500-1501_EDR
1501,rdf,100653,0724_1054_1500-1501_DR
1505,dlr,43115,0724_1058_1505-1506_DR
1505,er,35834,0721_1953_1505-1505_E
1505,rdf,65513,0724_1058_1505-1506_DR
1506,dlr,60086,0724_1058_1505-1506_DR
1506,er,57614,0721_1946_1505-1506_EDR
1506,rdf,46527,0724_1058_1505-1506_DR
1507,dlr,33634,0724_1100_1507-1509_DR
1507,er,37159,0721_2008_1507-1509_EDR
1507,rdf,33760,0724_1100_1507-1509_DR
1509,dlr,37094,0724_1100_1507-1509_DR
1509,er,36451,0721_2008_1507-1509_EDR
1509,rdf,64631,0724_1100_1507-1509_DR
1514,dlr,67172,0724_1101_1514-1515_DR
1514,er,62465,0722_1604_1514-1515_EDR
1514,rdf,45594,0722_1604_1514-1515_EDR
1515,dlr,43077,0722_1604_1514-1515_EDR
1515,er,46645,0722_1604_1514-1515_EDR
1515,rdf,50827,0722_1604_1514-1515_EDR
1521,dlr,43894,0722_1612_1521-1524_EDR
1521,er,29243,0722_1612_1521-1524_EDR
1521,rdf,27982,0724_1103_1521-1524_DR
1524,dlr,123025,0722_1657_1521-1524_EDR
1524,er,89050,0722_1636_1524-1524_EDR
1524,rdf,67717,0722_1657_1521-1524_EDR
1525,dlr,61104,0722_1720_1525-1526_EDR
1525,er,54895,0723_0918_1525-1525_E
1525,rdf,79322,0724_1106_1525-1526_DR
1526,dlr,85371,0722_1720_1525-1526_EDR
1526,er,116689,0723_0854_1524-1526_EDR
1526,rdf,60522,0722_1720_1525-1526_EDR
1528,dlr,97956,0725_0053_1528-1529_D
1528,er,78950,0723_1015_1528-1529_EDR
1528,rdf,56564,0724_1109_1528-1529_DR
1529,dlr,85677,0731_1526_1529-1529_EDR
1529,er,81442,0731_1538_1529-1529_ER
1529,rdf,90094,0731_1538_1529-1529_ER
1531,dlr,33805,0725_2009_1531-1533_EDR
1531,er,38393,0729_1452_1531-1531_E
1531,rdf,30900,0725_2009_1531-1533_EDR
1533,dlr,35235,0725_2010_1531-1533_EDR
1533,er,48735,0725_2009_1531-1533_EDR
1533,rdf,40489,0725_2009_1531-1533_EDR
